{"cameraMode":{"drawMode":0,"name":"Shaded","section":"Shading Mode"},"sceneLighting":false,"audioPlay":false,"sceneViewState":{"showFog":true,"showMaterialUpdate":false,"showSkybox":true,"showFlares":true,"showImageEffects":true,"showParticleSystems":true},"in2DMode":false,"pivot":{"x":2.490000009536743,"y":1.5,"z":10.989999771118164},"rotation":{"x":0.010131768882274628,"y":-0.9529141783714294,"z":0.30137163400650027,"w":0.032036274671554568},"size":1.2247449159622193,"orthographic":false}