{"cameraMode":{"drawMode":0,"name":"Shaded","section":"Shading Mode"},"sceneLighting":false,"audioPlay":false,"sceneViewState":{"showFog":true,"showMaterialUpdate":false,"showSkybox":false,"showFlares":true,"showImageEffects":true,"showParticleSystems":true},"in2DMode":false,"pivot":{"x":6.451000213623047,"y":1.845369577407837,"z":11.72359848022461},"rotation":{"x":-0.0014763629296794534,"y":0.9819362759590149,"z":-0.007668777834624052,"w":-0.189048632979393},"size":0.6571242213249207,"orthographic":false}